{"cameraMode":{"drawMode":0,"name":"Shaded","section":"Shading Mode"},"sceneLighting":true,"audioPlay":false,"sceneViewState":{"m_AlwaysRefresh":false,"showFog":true,"showSkybox":true,"showFlares":true,"showImageEffects":true,"showParticleSystems":true,"showVisualEffectGraphs":true,"m_FxEnabled":true},"in2DMode":false,"pivot":{"x":713.3120727539063,"y":-78.15093994140625,"z":1827.050048828125},"rotation":{"x":-0.059270720928907397,"y":-0.18593204021453858,"z":0.012661860324442387,"w":-0.9810815453529358},"size":996.6340942382813,"orthographic":false}