{"cameraMode":{"drawMode":0,"name":"Shaded","section":"Shading Mode"},"sceneLighting":true,"audioPlay":false,"sceneViewState":{"m_AlwaysRefresh":false,"showFog":true,"showSkybox":true,"showFlares":true,"showImageEffects":true,"showParticleSystems":true,"showVisualEffectGraphs":true,"m_FxEnabled":true},"in2DMode":false,"pivot":{"x":1141.3648681640625,"y":608.6118774414063,"z":397.9188537597656},"rotation":{"x":-0.15880124270915986,"y":0.04985583573579788,"z":-0.007926219142973423,"w":-0.9864506125450134},"size":8.240520477294922,"orthographic":false}